{
    "keep": {
        "days": true,
        "amount": 14
    },
    "auditLog": "logs\\.dee5ece5a5b726bef514fbd900f4be9f8242a193-audit.json",
    "files": [
        {
            "date": 1596611557674,
            "name": "logs\\app-2020-08-05-12.log",
            "hash": "99e5a0bee8610811bc3a57c7ed6a349e"
        },
        {
            "date": 1596695010217,
            "name": "logs\\app-2020-08-06-11.log",
            "hash": "a855dac72177c599931ad208ed292d09"
        },
        {
            "date": 1596695956623,
            "name": "logs\\app-2020-08-06-12.log",
            "hash": "d899d2629a2f3fb3ced1dbfcb1be5ff3"
        },
        {
            "date": 1596708477599,
            "name": "logs\\app-2020-08-06-15.log",
            "hash": "4943d68301bef901e0071ee431068019"
        },
        {
            "date": 1596714037150,
            "name": "logs\\app-2020-08-06-17.log",
            "hash": "69ad565d51792b1bca7ab5c23d5be1e7"
        },
        {
            "date": 1596774212515,
            "name": "logs\\app-2020-08-07-09.log",
            "hash": "997ad1e8e5d90f1dce5554374e87a7a4"
        },
        {
            "date": 1596777068276,
            "name": "logs\\app-2020-08-07-10.log",
            "hash": "016b76a590297b7cf7fd792dfcd193e9"
        },
        {
            "date": 1596778436277,
            "name": "logs\\app-2020-08-07-11.log",
            "hash": "015d8aabc578741d1833263c7a5de625"
        },
        {
            "date": 1596781885250,
            "name": "logs\\app-2020-08-07-12.log",
            "hash": "8e5fc392019b5afb4ebe3ce535a6c087"
        },
        {
            "date": 1596787697867,
            "name": "logs\\app-2020-08-07-13.log",
            "hash": "1bb1982426da54f2013939fa5f2192c1"
        },
        {
            "date": 1596789010149,
            "name": "logs\\app-2020-08-07-14.log",
            "hash": "b763f400d8fa9963a5c04411e5e567c3"
        },
        {
            "date": 1596793009570,
            "name": "logs\\app-2020-08-07-15.log",
            "hash": "b63be169a18243c44bba0dae21358748"
        },
        {
            "date": 1596798086473,
            "name": "logs\\app-2020-08-07-16.log",
            "hash": "f0f825a155d74b37577f6ff92b4955f5"
        },
        {
            "date": 1597030430795,
            "name": "logs\\app-2020-08-10-09.log",
            "hash": "2e74612157675160294d5eaed7346e08"
        },
        {
            "date": 1597034446041,
            "name": "logs\\app-2020-08-10-10.log",
            "hash": "41593380dcd3966b3ef6c12f4f0f7365"
        },
        {
            "date": 1597037452254,
            "name": "logs\\app-2020-08-10-11.log",
            "hash": "199236d6eb4604970414ba3987ce9632"
        },
        {
            "date": 1597041619848,
            "name": "logs\\app-2020-08-10-12.log",
            "hash": "962af5f337299909c98fb297dd95858f"
        }
    ]
}